﻿<!-- See http://msdn.microsoft.com/en-us/library/bb514188.aspx for details -->
<Dictionary>
  <Words>
    <Unrecognized>
    </Unrecognized>
    <Recognized>
      <Word>api</Word>
      <Word>apis</Word>
      <Word>awaitable</Word>
      <Word>bitbucket</Word>
      <Word>changeset</Word>
      <Word>defaultcollection</Word>
      <Word>deployer</Word>
      <Word>dequeueing</Word>
      <Word>dequeues</Word>
      <Word>dropbox</Word>
      <Word>fabrikam</Word>
      <Word>fnv</Word>
      <Word>fwlink</Word>
      <Word>GBmain</Word>
      <Word>git</Word>
      <Word>goodcompany</Word>
      <Word>idempotency</Word>
      <Word>instagram</Word>
      <Word>kudu</Word>
      <Word>kanban</Word>
      <Word>mvc</Word>
      <Word>nuget</Word>
      <Word>paypal</Word>
      <Word>salesforce</Word>
      <Word>tfs</Word>
      <Word>trello</Word>
      <Word>ver</Word>
      <Word>vsts</Word>
      <Word>zapier</Word>
      <Word>zendesk</Word>
      <Word>visualstudio</Word>
      <Word>你好</Word>
    </Recognized>
    <Deprecated/>
    <Compound>
      <Term CompoundAlternate="CheckIns">checkins</Term>
      <Term CompoundAlternate="GeoId">geoid</Term>
    </Compound>
    <DiscreteExceptions>
      <Term>RunTime</Term>
      <Term>GitHub</Term>
      <Term>MyGet</Term>
    </DiscreteExceptions>
  </Words>
  <Acronyms>
    <CasingExceptions>
      <Acronym>CRM</Acronym>
      <Acronym>SSO</Acronym>
      <Acronym>VSTS</Acronym>
    </CasingExceptions>
  </Acronyms>
</Dictionary>
